{
	"pages": [ //pages数组中第一项表示应用启动页，参考：https://uniapp.dcloud.io/collocation/pages
		{
			"path": "pages/index/index",
			"style": {
				"navigationStyle": "custom"
			}
		},
		{
			"path": "pages/stores/stores",
			"style": {
				"navigationBarBackgroundColor": "#F8F8F8",
				"navigationBarTextStyle": "black",
				"navigationBarTitleText": "选择门店"
			}

		},
		{
			"path": "pages/menu/menu",
			"style": {
				"navigationBarBackgroundColor": "#F8F8F8",
				"navigationBarTextStyle": "black",
				"navigationBarTitleText": "奈雪の茶"
			}
		},
		{
			"path": "pages/take-foods/take-foods",
			"style": {
				"navigationBarBackgroundColor": "#F8F8F8",
				"navigationBarTextStyle": "black",
				"navigationBarTitleText": "奈雪の茶"
			}
		},
		{
			"path": "pages/mine/mine",
			"style": {
				"navigationBarBackgroundColor": "#F8F8F8",
				"navigationBarTextStyle": "black",
				"navigationBarTitleText": "个人中心"
			}
		},

		{
			"path": "pages/message/message",
			"style": {
				"navigationBarTitleText": "留言板",
				"navigationBarTextStyle": "black",
				"enablePullDownRefresh": false
			}

		}, {
			"path": "pages/login/login",
			"style": {
				"navigationBarTitleText": "个人登录",
				"navigationBarBackgroundColor": "#F8F8F8",
				"navigationBarTextStyle": "black",
				"enablePullDownRefresh": false


			}

		},
		{
			"path": "pages/address/address",
			"style": {
				"navigationBarTitleText": "我的地址",
				"navigationBarBackgroundColor": "#F8F8F8",
				"navigationBarTextStyle": "black",
				"enablePullDownRefresh": false
			}
		},
		{
			"path": "pages/address/add",
			"style": {
				"navigationBarTitleText": "添加地址",
				"navigationBarBackgroundColor": "#F8F8F8",
				"navigationBarTextStyle": "black",
				"enablePullDownRefresh": false
			}
		},
		{
			"path": "pages/address/edit",
			"style": {
				"navigationBarTitleText": "修改地址",
				"navigationBarBackgroundColor": "#F8F8F8",
				"navigationBarTextStyle": "black",
				"enablePullDownRefresh": false
			}
		}, {
			"path": "pages/pay/pay",
			"style": {
				"navigationBarTitleText": "",
				"enablePullDownRefresh": false
			}

		}
	    ,{
            "path" : "pages/remark/remark",
            "style" :                                                                                    
            {
                "navigationBarTitleText": "",
                "enablePullDownRefresh": false
            }
            
        }
    ],
	"globalStyle": {
		"navigationBarTextStyle": "black",
		"navigationBarTitleText": "naixue-app",
		"navigationBarBackgroundColor": "#e1bee7",
		"backgroundColor": "#e1bee7"
	},
	"tabBar": {
		"color": "#919293",
		"selectedColor": "#97AF13",
		"backgroundColor": "#FFF",
		"borderStyle": "black",
		"list": [{
			"pagePath": "pages/index/index",
			"text": "首页",
			"iconPath": "static/images/tabBar/index.png",
			"selectedIconPath": "static/images/tabBar/index_selected.png"
		}, {
			"pagePath": "pages/menu/menu",
			"text": "点餐",
			"iconPath": "static/images/tabBar/drink.png",
			"selectedIconPath": "static/images/tabBar/drink_selected.png"
		}, {
			"pagePath": "pages/take-foods/take-foods",
			"text": "取餐",
			"iconPath": "static/images/tabBar/take.png",
			"selectedIconPath": "static/images/tabBar/take_selected.png"
		}, {
			"pagePath": "pages/mine/mine",
			"text": "我的",
			"iconPath": "static/images/tabBar/mine.png",
			"selectedIconPath": "static/images/tabBar/mine_selected.png"
		}]
	}
}
